[
  {
    "id": "1748305899773",
    "customerInfo": {
      "name": "نتاللات",
      "phone": "2345678",
      "address": "كمنتالبيبلاتن",
      "email": ""
    },
    "items": [
      {
        "id": "1748222178350",
        "name": "Test Product",
        "price": 99.99,
        "quantity": 1,
        "total": 99.99
      },
      {
        "id": "1748222319924",
        "name": "Test Product",
        "price": 99.99,
        "quantity": 1,
        "total": 99.99
      },
      {
        "id": "1748222753705",
        "name": "Test Product",
        "price": 99.99,
        "quantity": 1,
        "total": 99.99
      }
    ],
    "total": 299.96999999999997,
    "status": "مكتمل",
    "createdAt": "2025-05-27T00:31:39.773Z",
    "updatedAt": "2025-06-11T00:52:58.339Z"
  },
  {
    "id": "1748306000639",
    "customerInfo": {
      "name": "نبتتبن",
      "phone": "234567",
      "address": "منتالاتن",
      "email": ""
    },
    "items": [
      {
        "id": "1748222178350",
        "name": "Test Product",
        "price": 99.99,
        "quantity": 1,
        "total": 99.99
      },
      {
        "id": "1748222319924",
        "name": "Test Product",
        "price": 99.99,
        "quantity": 1,
        "total": 99.99
      },
      {
        "id": "1748222753705",
        "name": "Test Product",
        "price": 99.99,
        "quantity": 1,
        "total": 99.99
      }
    ],
    "total": 299.96999999999997,
    "status": "قيد التحضير",
    "createdAt": "2025-05-27T00:33:20.639Z",
    "updatedAt": "2025-06-11T00:53:03.370Z"
  },
  {
    "id": "1748307931960",
    "customerInfo": {
      "name": "منتالبلات",
      "phone": "3456789",
      "address": "خهعغفبيلات",
      "email": ""
    },
    "items": [
      {
        "id": "1748222319924",
        "name": "Test Product",
        "price": 99.99,
        "quantity": 1,
        "total": 99.99
      }
    ],
    "total": 99.99,
    "status": "ملغي",
    "createdAt": "2025-05-27T01:05:31.960Z",
    "updatedAt": "2025-06-11T00:53:18.363Z"
  },
  {
    "id": "1748308140908",
    "customerInfo": {
      "name": "ههههه",
      "phone": "98767890",
      "address": "منتالاتنمكمنتا",
      "email": ""
    },
    "items": [
      {
        "id": "1748222319924",
        "name": "Test Product",
        "price": 99.99,
        "quantity": 1,
        "total": 99.99
      }
    ],
    "total": 99.99,
    "status": "جديد",
    "createdAt": "2025-05-27T01:09:00.908Z",
    "updatedAt": "2025-05-27T01:09:00.908Z"
  },
  {
    "id": "1748309512890",
    "customerInfo": {
      "name": "خهععه",
      "phone": "56789",
      "address": "خهتعااتن",
      "email": ""
    },
    "items": [
      {
        "id": "1748222319924",
        "name": "Test Product",
        "price": 99.99,
        "quantity": 1,
        "total": 99.99
      }
    ],
    "total": 99.99,
    "status": "جديد",
    "createdAt": "2025-05-27T01:31:52.890Z",
    "updatedAt": "2025-05-27T01:31:52.890Z"
  },
  {
    "id": "1749602356884",
    "customerInfo": {
      "name": "نلبيبلا",
      "phone": "23456789",
      "address": "هعغفقبلاتن",
      "email": ""
    },
    "items": [
      {
        "id": "1748222319924",
        "name": "Test Product",
        "price": 99.99,
        "quantity": 1,
        "total": 99.99
      },
      {
        "id": "1749602248275",
        "name": "خهعف",
        "price": 567,
        "quantity": 1,
        "total": 567
      }
    ],
    "total": 666.99,
    "status": "جديد",
    "createdAt": "2025-06-11T00:39:16.884Z",
    "updatedAt": "2025-06-11T00:39:16.884Z"
  }
]